,City,Lat,Lng,Max Temp,Humidity,Cloudiness,Wind Speed,Country,Date
0,Tasiilaq,65.61,-37.64,30.2,42,0,3.36,GL,1604373582
1,Qaanaaq,77.48,-69.36,9.45,81,100,5.32,GL,1604373583
2,Namatanai,-3.67,152.43,84.06,73,73,4.7,PG,1604373584
3,Ostrovnoy,68.05,39.51,42.21,82,100,29.71,RU,1604373331
4,Yulara,-25.24,130.99,96.8,12,0,12.75,AU,1604373586
5,New Norfolk,-42.78,147.06,90.0,19,87,4.0,AU,1604373366
6,Kaitangata,-46.28,169.85,62.01,69,0,8.01,NZ,1604373527
7,Atuona,-9.8,-139.03,77.81,74,3,17.11,PF,1604373590
8,Andenes,69.31,16.12,46.4,87,100,26.4,NO,1604373591
9,Lebu,-37.62,-73.65,50.49,93,18,10.13,CL,1604373592
10,Yeppoon,-23.13,150.73,82.4,51,75,10.29,AU,1604373593
11,Albany,42.6,-73.97,37.99,69,98,3.0,US,1604373594
12,Bluff,-46.6,168.33,63.0,60,0,8.99,NZ,1604373367
13,Constitución,-35.33,-72.42,51.73,90,63,8.7,CL,1604373596
14,Mar del Plata,-38.0,-57.56,60.01,93,0,6.93,AR,1604373518
15,Marabu,4.41,114.01,86.0,70,20,5.82,MY,1604373599
16,Saint-Augustin,51.23,-58.65,42.15,70,91,38.74,CA,1604373600
17,Codrington,-38.27,141.97,78.67,65,100,16.87,AU,1604373601
18,Punta Arenas,-53.15,-70.92,46.4,65,0,4.7,CL,1604373351
19,Cidreira,-30.18,-50.21,61.9,76,10,6.64,BR,1604373589
20,Kara,9.55,1.19,69.8,64,87,3.2,TG,1604373604
21,Ribeira Grande,38.52,-28.7,62.28,65,80,15.08,PT,1604373605
22,Villarrobledo,39.27,-2.6,50.0,67,0,1.99,ES,1604373606
23,Rikitea,-23.12,-134.97,71.85,79,23,17.18,PF,1604373365
24,Vaini,-21.2,-175.2,78.8,83,75,10.29,TO,1604373608
25,Acapulco de Juárez,16.86,-99.89,82.4,88,20,9.17,MX,1604373346
26,Arrondissement de Bourg-en-Bresse,46.17,5.17,54.0,94,95,3.0,FR,1604373610
27,Cabo San Lucas,22.89,-109.91,78.8,74,20,2.86,MX,1604373544
28,Zigong,29.34,104.78,56.59,87,100,1.21,CN,1604373613
29,Port Blair,11.67,92.75,83.39,73,24,7.43,IN,1604373614
30,George Town,5.41,100.34,82.4,78,20,2.24,MY,1604373615
31,Yinchuan,38.47,106.27,46.11,44,0,3.24,CN,1604373616
32,Kapaa,22.08,-159.32,82.4,74,75,8.05,US,1604373617
33,Tuatapere,-46.13,167.68,62.01,60,1,11.01,NZ,1604373618
34,São João da Barra,-21.64,-41.05,66.87,68,31,8.01,BR,1604373619
35,Busselton,-33.65,115.33,62.01,78,74,4.0,AU,1604373343
36,Bairnsdale,-37.83,147.62,78.01,57,13,5.99,AU,1604373621
37,Manggar,-2.88,108.27,82.63,75,100,3.62,ID,1604373622
38,Saint-Philippe,-21.36,55.77,69.8,56,90,4.7,RE,1604373623
39,Havelock,34.88,-76.9,45.0,62,1,3.36,US,1604373624
40,Nioro,13.35,-15.75,76.35,50,40,3.69,GM,1604373485
41,Tiksi,71.69,128.87,5.0,93,100,2.42,RU,1604373627
42,Port Alfred,-33.59,26.89,65.28,87,5,16.6,ZA,1604373338
43,Dikson,73.51,80.55,13.32,94,97,10.4,RU,1604373629
44,Los Llanos de Aridane,28.66,-17.92,71.6,73,0,13.87,ES,1604373630
45,Touros,-5.2,-35.46,77.0,88,40,4.7,BR,1604373631
46,Port Augusta,-32.5,137.77,95.0,15,1,23.04,AU,1604373632
47,Necoclí,8.42,-76.79,78.82,79,53,10.27,CO,1604373365
48,Heréd,47.71,19.63,52.0,100,75,1.12,HU,1604373634
49,Nanortalik,60.14,-45.24,37.62,78,99,14.2,GL,1604373635
50,Mehamn,71.04,27.85,43.23,86,61,21.77,NO,1604373636
51,Nikolskoye,59.7,30.79,46.0,81,75,17.9,RU,1604373371
52,Santa Maria,-29.68,-53.81,60.8,63,0,8.05,BR,1604373423
53,Ushuaia,-54.8,-68.3,46.4,87,0,6.93,AR,1604373318
54,Comodoro Rivadavia,-45.87,-67.5,59.0,82,75,4.7,AR,1604373641
55,Pacific Grove,36.62,-121.92,55.99,93,1,5.82,US,1604373540
56,Kavieng,-2.57,150.8,85.89,66,11,0.58,PG,1604373643
57,Taoudenni,22.68,-3.98,76.01,20,100,7.23,ML,1604373644
58,Hermanus,-34.42,19.23,64.0,83,13,4.0,ZA,1604373645
59,Nabire,-3.37,135.48,87.19,63,97,5.35,ID,1604373646
60,Festus,38.22,-90.4,46.0,63,0,7.36,US,1604373647
61,Kirkwall,58.98,-2.96,44.6,87,97,9.17,GB,1604373648
62,Tiguisan,12.84,121.46,85.06,71,99,6.06,PH,1604373649
63,Hithadhoo,-0.6,73.08,83.37,71,100,7.76,MV,1604373650
64,Pamanukan,-6.28,107.81,89.92,52,0,2.06,ID,1604373652
65,Broken Hill,-31.95,141.43,89.6,14,22,9.17,AU,1604373653
66,Nibbar,36.29,8.77,48.2,76,0,4.7,TN,1604373654
67,Ukiah,39.15,-123.21,69.8,26,1,2.77,US,1604372944
68,Geraldton,-28.77,114.6,69.8,64,40,17.22,AU,1604373656
69,Saldanha,-33.01,17.94,64.4,72,48,2.24,ZA,1604373657
70,Urucará,-2.54,-57.76,81.25,67,42,0.87,BR,1604373658
71,Chiniot,31.72,72.98,69.15,24,0,2.91,PK,1604373369
72,Cape Town,-33.93,18.42,64.0,87,0,5.82,ZA,1604373512
73,Half Moon Bay,37.46,-122.43,64.0,82,5,5.7,US,1604373448
74,Opuwo,-18.06,13.84,62.85,34,26,2.37,NA,1604373663
75,Butaritari,3.07,172.79,81.03,75,1,16.84,KI,1604373664
76,Mataura,-46.19,168.86,62.01,60,0,11.01,NZ,1604373665
77,Dunedin,-45.87,170.5,61.0,64,67,10.0,NZ,1604373550
78,Provideniya,64.38,-173.3,30.2,68,75,8.95,RU,1604373667
79,Pevek,69.7,170.31,11.17,95,100,21.77,RU,1604373668
80,Tocache,-8.18,-76.51,72.39,71,100,0.31,PE,1604373669
81,Tessalit,20.2,1.01,70.68,22,100,11.83,ML,1604373670
82,Hilo,19.73,-155.09,80.6,78,90,4.7,US,1604373671
83,Taksimo,56.34,114.88,9.14,75,77,1.3,RU,1604373672
84,Rimavská Sobota,48.38,20.02,50.0,81,100,1.88,SK,1604373673
85,Loandjili,-4.76,11.86,77.77,87,98,5.95,CG,1604373674
86,Severo-Kuril'sk,50.68,156.12,44.15,87,100,30.89,RU,1604373676
87,Sibolga,1.74,98.78,86.81,57,100,0.83,ID,1604373393
88,Mossamedes,-15.2,12.15,67.77,80,83,5.93,AO,1604373678
89,Carutapera,-1.2,-46.02,78.46,85,0,5.77,BR,1604373679
90,Biak,-0.91,122.88,82.89,61,100,4.52,ID,1604373680
91,Esperance,-33.87,121.9,59.0,93,40,17.22,AU,1604373681
92,Hobart,-42.88,147.33,90.0,26,0,17.22,AU,1604373231
93,Meulaboh,4.14,96.13,81.05,83,99,3.58,ID,1604373683
94,Jamestown,42.1,-79.24,39.0,55,1,21.92,US,1604373357
95,Katsuura,35.13,140.3,62.6,82,75,5.82,JP,1604373685
96,Thompson,55.74,-97.86,21.2,92,90,8.05,CA,1604373686
97,Loa Janan,-0.58,117.09,83.32,79,100,2.35,ID,1604373395
98,Brekstad,63.69,9.67,46.4,81,75,17.22,NO,1604373688
99,North Las Vegas,36.2,-115.12,77.0,30,75,5.82,US,1604373499
100,Malindi,-3.22,40.12,77.29,82,3,9.26,KE,1604373690
101,Maniitsoq,65.42,-52.9,25.95,81,100,20.49,GL,1604373691
102,Alofi,-19.06,-169.92,78.8,83,75,19.46,NU,1604373585
103,Brae,60.4,-1.35,48.2,70,30,23.04,GB,1604373695
104,Bumba,2.18,22.47,69.98,96,76,0.34,CD,1604373699
105,San Carlos,9.66,-68.58,74.01,93,94,2.44,VE,1604373702
106,Jalu,29.03,21.55,60.08,75,0,7.36,LY,1604373704
107,Ahipara,-35.17,173.17,69.19,73,100,14.65,NZ,1604373705
108,Lufilufi,-13.87,-171.6,91.4,66,40,12.75,WS,1604373707
109,Saint Paul Harbor,57.79,-152.41,24.8,53,1,14.99,US,1604373708
110,Port Elizabeth,-33.92,25.57,64.4,93,0,14.99,ZA,1604373709
111,Morros,-9.45,-46.3,71.4,89,92,1.7,BR,1604373710
112,San Andrés,12.58,-81.7,82.4,78,75,18.34,CO,1604373711
113,Udachny,66.42,112.4,6.8,84,90,2.24,RU,1604373712
114,Ramsar,36.92,50.64,66.2,82,75,2.24,IR,1604373713
115,College,64.86,-147.8,-11.0,68,20,1.3,US,1604373715
116,Lagoa,39.05,-27.98,62.2,69,100,15.21,PT,1604373716
117,Aklavik,68.22,-135.01,-0.4,84,100,3.36,CA,1604373717
118,Visnes,59.36,5.22,48.2,76,100,13.87,NO,1604373718
119,Dongsheng,39.82,109.98,39.31,55,0,8.01,CN,1604373719
120,Zhuhai,22.28,113.57,79.0,69,20,19.46,CN,1604373720
121,Margate,51.38,1.39,51.01,66,0,15.59,GB,1604373721
122,Cururupu,-1.83,-44.87,76.5,88,6,3.78,BR,1604373722
123,Saint Anthony,45.02,-93.22,45.0,69,1,4.14,US,1604373723
124,Filingué,14.35,3.32,79.72,17,6,9.04,NE,1604373725
125,Avarua,-21.21,-159.78,75.2,69,100,22.62,CK,1604373726
126,Ancud,-41.87,-73.82,52.0,93,75,2.24,CL,1604373727
127,Sterling,39.01,-77.43,41.0,38,1,8.05,US,1604373729
128,Lompoc,34.64,-120.46,57.2,93,90,3.36,US,1604373730
129,Vanimo,-2.67,141.3,86.4,71,73,6.96,PG,1604373731
130,Arlit,18.74,7.39,72.34,22,0,7.36,NE,1604373732
131,Rājāpur,25.38,81.15,73.11,25,0,6.4,IN,1604373733
132,Hong Kong,22.29,114.16,75.99,65,6,1.01,HK,1604373549
133,Abnūb,27.27,31.15,62.8,73,0,6.33,EG,1604373735
134,Agidel,55.91,53.94,28.72,93,1,5.88,RU,1604373736
135,Lavrentiya,65.58,-171.0,21.09,88,31,4.25,RU,1604373737
136,Coyhaique,-45.58,-72.07,50.0,76,0,3.36,CL,1604373738
137,Port Hardy,50.7,-127.42,48.2,100,90,18.34,CA,1604373740
138,Khatanga,71.97,102.5,7.86,95,100,7.27,RU,1604373741
139,Hasaki,35.73,140.83,61.0,87,75,5.82,JP,1604373718
140,Kruisfontein,-34.0,24.73,55.99,96,1,1.01,ZA,1604373743
141,Saskylakh,71.92,114.08,10.09,95,100,9.13,RU,1604373744
142,Bocaiúva,-17.11,-43.81,66.2,77,0,4.7,BR,1604373745
143,Williams Lake,52.14,-122.14,48.2,49,90,11.41,CA,1604373746
144,Oranjemund,-28.55,16.43,60.84,88,84,4.59,NA,1604373747
145,Iqaluit,63.75,-68.51,17.01,85,90,27.51,CA,1604373749
146,Burnie,-41.07,145.92,71.01,54,89,7.0,AU,1604373750
147,Chui,-33.7,-53.46,56.39,92,0,6.15,UY,1604373751
148,Río de Jesús,7.98,-81.16,74.97,93,99,9.08,PA,1604373752
149,Puerto Ayora,-0.74,-90.35,69.01,96,97,8.99,EC,1604373350
150,Zhigansk,66.77,123.37,2.37,91,100,18.16,RU,1604373754
151,Bobo-Dioulasso,11.18,-4.3,78.8,57,0,2.24,BF,1604373755
152,Motygino,58.18,94.76,28.56,97,100,8.05,RU,1604373756
153,Manado,1.49,124.85,84.2,70,40,2.24,ID,1604373758
154,Carnarvon,-24.87,113.63,75.2,38,0,14.99,AU,1604373759
155,Chokurdakh,70.63,147.92,-13.11,87,36,9.53,RU,1604373760
156,West Odessa,31.84,-102.5,60.8,37,1,11.41,US,1604373761
157,Amsterdam,52.37,4.89,51.01,71,20,14.99,NL,1604373733
158,Hay River,60.82,-115.8,17.6,85,93,3.36,CA,1604373763
159,Poum,-20.23,164.02,77.9,73,100,4.85,NC,1604373764
160,Bubaque,11.28,-15.83,83.28,75,7,10.87,GW,1604373766
161,Weinan,34.5,109.51,55.99,35,0,6.71,CN,1604373767
162,Dauphin,51.15,-100.05,57.2,58,1,16.11,CA,1604373768
163,Santiago del Estero,-27.8,-64.26,70.11,36,0,8.7,AR,1604373769
164,Gao,16.64,1.64,73.65,21,30,12.37,ML,1604373770
165,Stara Syniava,49.6,27.62,42.75,76,99,4.23,UA,1604373771
166,Yellowknife,62.46,-114.35,10.4,85,90,9.17,CA,1604373772
167,Ixtapa,20.7,-105.2,81.0,88,5,3.8,MX,1604373773
168,São José dos Pinhais,-25.53,-49.21,54.0,93,75,4.7,BR,1604373556
169,Ruska Poliana,49.42,31.92,43.77,90,86,5.06,UA,1604373776
170,Krasnaya Gorbatka,55.87,41.76,36.25,96,3,4.83,RU,1604373777
171,São Filipe,14.9,-24.5,80.01,59,66,5.35,CV,1604373778
172,Tuktoyaktuk,69.45,-133.04,1.4,84,75,9.17,CA,1604373779
173,Lambaréné,-0.7,10.24,73.33,92,98,1.57,GA,1604373780
174,Walvis Bay,-22.96,14.51,57.99,87,0,5.82,NA,1604373781
175,Pitimbu,-7.47,-34.81,77.0,88,40,4.7,BR,1604373782
176,Gondanglegi,-7.75,112.01,87.24,62,26,3.74,ID,1604373784
177,Cayenne,4.93,-52.33,75.2,100,90,10.4,GF,1604373785
178,Castro,-24.79,-50.01,52.12,90,63,10.54,BR,1604373786
179,Tura,25.52,90.22,78.4,78,82,1.99,IN,1604373787
180,Cherskiy,68.75,161.3,-4.41,90,100,8.08,RU,1604373788
181,Arrondissement de Narbonne,43.08,2.83,57.0,91,4,4.0,FR,1604373789
182,Pisco,-13.7,-76.22,64.99,82,90,11.41,PE,1604373605
183,Hualmay,-11.1,-77.61,60.17,85,38,3.36,PE,1604373791
184,Cache Creek,50.81,-121.32,42.8,56,1,17.22,CA,1604373792
185,Guerrero Negro,27.98,-114.06,69.71,75,2,10.87,MX,1604373793
186,East London,-33.02,27.91,64.4,93,40,3.36,ZA,1604373794
187,Airai,-8.93,125.41,80.85,37,94,4.54,TL,1604373795
188,Bengkulu,-3.8,102.27,79.52,80,99,1.92,ID,1604373796
189,Flin Flon,54.77,-101.86,34.93,96,100,7.67,CA,1604373798
190,Paita,-5.09,-81.11,61.7,90,74,8.41,PE,1604373799
191,Bud,39.45,-86.18,43.0,49,8,11.97,US,1604373800
192,Salalah,17.02,54.09,69.8,43,0,3.36,OM,1604373348
193,Bitung,1.45,125.18,86.0,70,40,3.36,ID,1604373802
194,Barrow,71.29,-156.79,28.4,74,90,16.11,US,1604373803
195,Isangel,-19.55,169.27,84.2,70,75,11.41,VU,1604373804
196,Dosso,13.05,3.19,77.2,26,24,7.31,NE,1604373805
197,Chicama,-7.84,-79.15,60.8,84,91,5.26,PE,1604373806
198,Broome,42.25,-75.83,39.0,59,90,12.75,US,1604373807
199,Ntoum,0.38,9.78,77.0,100,75,10.29,GA,1604373808
200,Kalmunai,7.42,81.82,83.35,70,3,6.67,LK,1604373809
201,Eureka,40.8,-124.16,48.99,93,90,5.82,US,1604373748
202,Omboué,-1.57,9.26,74.46,93,72,3.8,GA,1604373812
203,Vrangel',42.73,133.08,38.37,66,52,17.83,RU,1604373813
204,Gualeguay,-33.14,-59.31,56.75,78,0,7.27,AR,1604373814
205,Vao,-22.67,167.48,75.94,87,100,14.27,NC,1604373815
206,Sitka,57.05,-135.33,39.2,80,90,8.05,US,1604373578
207,Atasū,48.68,71.64,30.72,93,61,2.86,KZ,1604373817
208,Tegul'det,57.31,88.17,30.15,97,100,7.34,RU,1604373818
209,Puducherry,11.93,79.83,82.08,74,8,7.52,IN,1604373819
210,Nizhniy Odes,63.64,54.86,26.33,94,10,9.69,RU,1604373820
211,Røros,62.57,11.38,30.2,92,94,2.24,NO,1604373821
212,Bethel,41.37,-73.41,36.0,55,1,5.82,US,1604373760
213,Clyde River,70.47,-68.59,15.8,85,90,5.82,CA,1604373823
214,Lorengau,-2.02,147.27,87.31,63,23,1.14,PG,1604373825
215,San Quintín,30.48,-115.95,51.01,9,0,8.99,MX,1604373826
216,Bilibino,68.05,166.44,-2.09,90,100,5.95,RU,1604373812
217,Ponta Delgada,37.73,-25.67,60.8,67,75,9.17,PT,1604373828
218,Mahébourg,-20.41,57.7,73.4,69,40,12.75,MU,1604373829
219,Saint George,37.1,-113.58,66.99,31,1,5.82,US,1604373536
220,Polyarny,69.2,33.45,37.4,86,75,15.66,RU,1604373831
221,Nísia Floresta,-6.09,-35.21,78.8,78,40,10.29,BR,1604373674
222,Lima,-12.04,-77.03,62.6,82,75,8.05,PE,1604373758
223,Channel-Port aux Basques,47.57,-59.14,43.99,63,24,38.5,CA,1604373834
224,Kumul,42.8,93.45,47.89,46,0,3.44,CN,1604373835
225,Mana,5.66,-53.78,77.27,89,100,7.38,GF,1604373836
226,Sisimiut,66.94,-53.67,18.91,84,100,19.06,GL,1604373837
227,Yerköy,39.64,34.47,43.57,60,0,1.1,TR,1604373838
228,Grindavik,63.84,-22.43,39.2,72,75,8.05,IS,1604373839
229,Arraial do Cabo,-22.97,-42.03,67.89,58,10,2.73,BR,1604373840
230,Kyren,51.68,102.14,33.78,82,97,2.1,RU,1604373842
231,Mount Isa,-20.73,139.5,102.2,10,0,11.41,AU,1604373843
232,Atlantic City,39.36,-74.42,41.0,55,1,6.93,US,1604373595
233,Nyurba,63.28,118.33,9.84,93,100,8.3,RU,1604373845
234,Itoman,26.12,127.67,77.0,65,40,28.86,JP,1604373846
235,Fortuna,40.6,-124.16,48.99,100,90,4.7,US,1604373812
236,Rocha,-34.48,-54.33,52.41,95,0,3.65,UY,1604373848
237,Padang,-0.95,100.35,82.87,67,98,2.15,ID,1604373849
238,Lata,40.16,-8.33,57.99,83,57,4.0,PT,1604373850
239,Madimba,-10.4,40.33,73.98,83,9,4.23,TZ,1604373851
240,Puerto Colombia,10.99,-74.95,82.4,83,40,4.7,CO,1604373852
241,Bredasdorp,-34.53,20.04,62.6,93,97,6.93,ZA,1604373360
242,Laas,46.62,10.7,42.8,93,40,1.12,IT,1604373854
243,Marzuq,14.4,46.47,56.57,37,0,2.28,YE,1604373856
244,Sinnamary,5.38,-52.95,77.76,88,89,8.79,GF,1604373825
245,Dvinskoy,62.15,45.12,33.8,92,99,9.84,RU,1604373858
246,French Rocks,12.5,76.67,75.2,88,75,3.36,IN,1604373859
247,Nhulunbuy,-12.23,136.77,91.4,46,75,13.87,AU,1604373860
248,Kidal,18.44,1.41,72.07,22,100,12.15,ML,1604373861
249,Bambous Virieux,-20.34,57.76,73.4,69,40,12.75,MU,1604373862
250,Hamilton,39.18,-84.53,42.01,41,1,8.05,US,1604373726
251,San Patricio,28.02,-97.52,59.0,76,1,3.36,US,1604373864
252,Çubuk,40.24,33.03,41.0,92,0,3.36,TR,1604373865
253,Huilong,31.81,121.66,63.0,50,0,20.45,CN,1604373866
254,Hirtshals,57.59,9.96,48.0,93,69,1.99,DK,1604373867
255,Honningsvåg,70.98,25.97,45.63,87,79,18.34,NO,1604373869
256,Khorramshahr,30.44,48.17,62.6,93,0,2.24,IR,1604373870
257,Faya,18.39,42.45,53.6,37,0,0.96,SA,1604373871
258,Ponta do Sol,32.67,-17.1,69.8,73,75,14.99,PT,1604373344
259,Sayyan,15.17,44.32,42.53,53,0,4.47,YE,1604373873
260,Port Moresby,-9.44,147.18,86.0,74,40,17.22,PG,1604373874
261,Thinadhoo,0.53,72.93,83.14,72,84,6.02,MV,1604373875
262,Galle,6.04,80.22,82.0,73,62,4.38,LK,1604373876
263,Fort Nelson,58.81,-122.7,8.6,84,90,4.7,CA,1604373877
264,Campagna,40.67,15.11,55.0,90,62,1.99,IT,1604373878
265,Port Lincoln,-34.73,135.87,83.71,29,100,13.06,AU,1604373880
266,Jinchang,38.5,102.17,46.58,45,0,4.23,CN,1604373881
267,Kulevcha,46.03,29.94,45.14,68,0,1.52,UA,1604373882
268,Vila Franca do Campo,37.72,-25.43,60.8,67,75,9.17,PT,1604373809
269,Xaltianguis,17.07,-99.83,82.4,88,20,6.93,MX,1604373884
270,Atherton,53.52,-2.49,43.0,65,27,3.0,GB,1604373885
271,Tanabe,33.73,135.37,64.4,48,20,14.99,JP,1604373886
272,Porto-Novo,6.5,2.6,78.8,88,20,1.12,BJ,1604373887
273,Faanui,-16.48,-151.75,79.93,78,1,17.34,PF,1604373837
274,Safi,32.3,-9.24,64.72,84,62,10.02,MA,1604373889
275,Zhangye,38.93,100.45,47.7,42,0,12.82,CN,1604373890
276,Raudeberg,61.99,5.14,46.4,81,89,11.41,NO,1604373891
277,Bac Lieu,9.29,105.72,83.53,73,87,9.06,VN,1604373893
278,Anori,-3.77,-61.64,78.73,70,43,1.19,BR,1604373894
279,Mati,6.96,126.22,87.8,66,75,4.7,PH,1604373895
280,Nogliki,51.83,143.17,37.81,73,100,10.45,RU,1604373896
281,Laguna,38.42,-121.42,63.0,55,1,3.36,US,1604373638
282,Monte Patria,-30.69,-70.95,60.21,53,0,2.55,CL,1604373898
283,Fallon,39.47,-118.78,52.0,21,20,5.82,US,1604373899
284,Tadine,-21.55,167.88,79.3,77,99,14.74,NC,1604373900
285,Banda Aceh,5.56,95.32,84.42,69,73,3.98,ID,1604373694
286,Piedras Negras,28.7,-100.52,60.01,40,92,4.0,MX,1604373641
287,Puerto Peñasco,31.32,-113.53,73.99,78,27,2.24,MX,1604373903
288,Ilulissat,69.22,-51.1,21.2,44,100,21.92,GL,1604373904
289,Wasilla,61.58,-149.44,19.4,40,1,23.04,US,1604373906
290,Sistranda,63.73,8.83,46.4,81,75,17.22,NO,1604373907
291,Itupiranga,-5.13,-49.33,76.08,83,2,4.45,BR,1604373908
292,Freeport,40.66,-73.58,42.01,52,1,20.8,US,1604373654
293,Assiniboia,49.63,-105.98,48.2,45,0,13.87,CA,1604373910
294,Cascais,38.7,-9.42,60.01,67,0,24.16,PT,1604373911
295,Middelburg,-25.78,29.46,58.35,68,17,4.18,ZA,1604373912
296,Huarmey,-10.07,-78.15,60.82,83,66,4.7,PE,1604373913
297,Lüderitz,-26.65,15.16,58.1,92,9,9.69,NA,1604373814
298,Tsimmerbude,54.67,20.13,59.0,93,75,8.95,RU,1604373915
299,Avera,33.19,-82.53,42.01,100,1,2.24,US,1604373916
300,Mogadishu,2.04,45.34,78.64,82,87,8.01,SO,1604373910
301,Tautira,-17.73,-149.15,84.2,62,40,13.87,PF,1604373918
302,Belgrade,44.8,20.47,55.4,87,100,3.36,RS,1604373784
303,Yar-Sale,66.83,70.83,19.53,96,39,8.59,RU,1604373920
304,Lerici,44.08,9.91,60.01,88,97,2.84,IT,1604373922
305,Shima,24.45,117.81,77.0,50,40,11.18,CN,1604373923
306,Buala,-8.14,159.59,79.05,85,100,5.99,SB,1604373924
307,Cherlak,54.16,74.81,30.78,96,54,6.78,RU,1604373925
308,Teahupoo,-17.83,-149.27,84.2,62,40,13.87,PF,1604373786
309,Evensk,61.95,159.23,27.64,98,100,6.4,RU,1604373927
310,Alyangula,-13.85,136.42,93.2,49,100,11.41,AU,1604373928
311,Abhā,18.22,42.51,53.6,37,0,0.94,SA,1604373929
312,Korla,41.76,86.15,43.0,47,0,5.01,CN,1604373930
313,Lazi,48.07,24.23,45.7,85,100,0.6,UA,1604373931
314,Chapais,49.78,-74.85,15.8,92,90,3.36,CA,1604373933
315,Torbay,47.67,-52.73,51.01,87,90,18.34,CA,1604373934
316,Pangnirtung,66.15,-65.71,17.33,84,100,13.31,CA,1604373827
317,Batken,39.83,71.0,35.65,58,0,5.14,KG,1604373936
318,Kiryat Gat,31.61,34.76,66.0,78,2,2.21,IL,1604373937
319,Berezovyy,51.67,135.7,32.88,89,100,1.41,RU,1604373938
320,Ormara,25.21,64.64,75.61,20,0,5.19,PK,1604373939
321,Istanbul,41.04,28.98,46.4,93,0,2.24,TR,1604373797
322,Juneau,58.3,-134.42,28.4,92,90,2.06,US,1604373743
323,Pouébo,-20.4,164.57,80.82,63,100,0.81,NC,1604373942
324,Dingle,11.0,122.67,85.93,74,100,10.25,PH,1604373943
325,San Cristobal,7.77,-72.22,67.75,92,99,1.92,VE,1604373944
326,Pooler,32.12,-81.25,43.0,87,1,3.53,US,1604373946
327,Makat,47.65,53.35,49.62,47,89,15.52,KZ,1604373947
328,Linkou,45.3,130.28,29.21,78,52,17.69,CN,1604373948
329,Mahalapye,-23.1,26.81,69.39,65,100,13.18,BW,1604373949
330,Aksarka,66.56,67.8,29.1,97,100,10.85,RU,1604373950
331,Gazli,40.13,63.45,48.4,42,0,12.15,UZ,1604373951
332,Rawson,-43.3,-65.1,75.67,28,100,17.72,AR,1604373952
333,Norman Wells,65.28,-126.83,8.6,84,90,4.7,CA,1604373953
334,Lenger,42.18,69.88,42.8,28,0,6.71,KZ,1604373954
335,Lafiagi,8.87,5.42,75.97,65,55,1.01,NG,1604373955
336,Swan Hill,-35.34,143.55,88.61,24,26,13.29,AU,1604373789
337,Shenzhen,22.55,114.07,81.0,66,26,1.99,CN,1604373408
338,Plátanos,37.67,21.62,53.6,93,20,2.68,GR,1604373959
339,Tadotsu,34.27,133.75,62.6,48,40,13.87,JP,1604373960
340,Pio XII,-3.83,-45.15,77.45,85,90,0.72,BR,1604373961
341,Rognan,67.1,15.39,46.0,88,100,3.0,NO,1604373962
342,Inírida,3.87,-67.92,74.57,94,96,1.66,CO,1604373963
343,Palencia,42.42,-4.5,50.0,88,100,7.0,ES,1604373964
344,Soyo,-6.13,12.37,77.5,87,46,4.14,AO,1604373965
345,Te Anau,-45.42,167.72,67.93,40,4,2.93,NZ,1604373966
346,Stann Creek Town,16.97,-88.23,75.99,93,100,7.0,BZ,1604373967
347,Kommunisticheskiy,61.68,64.48,24.78,97,52,7.43,RU,1604373968
348,Omaha,41.26,-95.94,53.6,61,1,6.93,US,1604373969
349,Peniche,39.36,-9.38,59.0,77,33,18.01,PT,1604373970
350,Yangi Marg`ilon,40.43,71.72,44.6,28,0,4.7,UZ,1604373807
351,São Borja,-28.66,-56.0,59.59,67,7,8.21,BR,1604373973
352,Vardø,70.37,31.11,46.22,80,79,33.06,NO,1604373974
353,Auki,-8.77,160.7,76.95,91,100,2.39,SB,1604373814
354,Koungheul,13.98,-14.8,78.1,32,64,6.31,SN,1604373976
355,Vágur,61.47,-6.81,47.41,72,3,27.94,FO,1604373977
356,‘Ewa Beach,21.32,-158.01,84.2,54,20,8.05,US,1604373978
357,Naze,28.37,129.48,75.2,56,75,24.16,JP,1604373807
358,Jaisalmer,26.91,70.92,75.0,18,0,7.74,IN,1604373919
359,Kiruna,67.86,20.23,37.4,86,59,12.75,SE,1604373981
360,Catuday,16.29,119.81,82.53,73,99,4.65,PH,1604373982
361,Sesimbra,38.44,-9.1,60.8,59,0,18.34,PT,1604373983
362,Palana,59.12,159.97,34.66,83,100,5.55,RU,1604373984
363,Xining,36.62,101.77,41.05,58,96,2.08,CN,1604373985
364,Ko Samui,9.54,99.94,89.6,66,20,6.93,TH,1604373987
365,Pauini,-7.71,-66.98,72.93,92,95,1.16,BR,1604373988
366,Kitimat,54.05,-128.65,48.2,100,75,20.8,CA,1604373989
367,Puerto Escondido,15.85,-97.07,78.8,69,75,5.14,MX,1604373789
368,Rapid Valley,44.06,-103.15,57.0,50,1,8.05,US,1604373991
369,Sechura,-5.56,-80.82,63.75,80,80,9.69,PE,1604373992
370,Zeya,53.75,127.27,22.33,76,97,9.42,RU,1604373993
371,Kaputa,-8.47,29.66,71.19,72,100,0.6,ZM,1604373994
372,Constantine,36.37,6.61,46.4,81,0,2.24,DZ,1604373995
373,Province of Trapani,37.83,12.67,62.01,81,0,4.7,IT,1604373783
374,Sola,-13.88,167.55,80.74,77,100,4.76,VU,1604373998
375,Bien Hoa,10.95,106.82,86.0,62,40,5.82,VN,1604373999
376,Northam,51.03,-4.22,44.01,94,100,4.0,GB,1604374000
377,Wanaka,-44.7,169.15,62.91,48,99,0.27,NZ,1604374001
378,Seredka,58.16,28.19,44.6,81,100,13.42,RU,1604374002
379,Alcalá la Real,37.46,-3.92,59.0,87,0,1.05,ES,1604373913
380,Sulangan,11.14,123.72,83.03,73,100,7.94,PH,1604374004
381,Bandarbeyla,9.49,50.81,77.27,81,66,18.1,SO,1604374005
382,Porto Murtinho,-21.7,-57.88,71.58,59,3,3.31,BR,1604374006
383,Pozo Colorado,-23.49,-58.8,70.21,49,17,3.8,PY,1604374007
384,Bathsheba,13.22,-59.52,80.6,78,75,19.46,BB,1604374008
385,Waddān,29.16,16.14,57.49,78,0,5.79,LY,1604374009
386,Kosh-Agach,50.0,88.67,20.03,85,76,2.26,RU,1604374010
387,Krasnovishersk,60.41,57.08,23.45,98,13,3.65,RU,1604374012
388,Valparaíso,-33.04,-71.63,51.8,93,90,8.66,CL,1604374013
389,Huambo,-12.78,15.74,61.14,93,100,3.53,AO,1604374014
390,Sakaraha,-22.9,44.53,73.54,49,0,4.9,MG,1604374015
391,Show Low,34.25,-110.03,55.4,35,1,6.93,US,1604374016
392,Sembakung,3.82,117.25,89.64,65,100,0.47,ID,1604374017
393,Tahe,52.33,124.73,14.58,87,63,12.21,CN,1604374018
394,Iracoubo,5.48,-53.2,77.38,88,96,8.77,GF,1604374019
395,Belokurikha,52.0,84.99,33.84,92,100,4.25,RU,1604374020
396,Hervey Bay,-25.3,152.85,77.0,59,0,8.99,AU,1604374017
397,Puerto Baquerizo Moreno,-0.9,-89.6,68.38,87,89,12.1,EC,1604374022
398,Ust-Maya,60.42,134.53,-0.42,88,82,9.84,RU,1604374023
399,Marsh Harbour,26.54,-77.06,71.92,75,0,29.66,BS,1604374024
400,Upernavik,72.79,-56.15,15.93,91,87,7.34,GL,1604374025
401,Fairbanks,64.84,-147.72,-11.0,75,1,1.32,US,1604373932
402,Belaya Gora,68.53,146.42,-9.06,81,0,6.26,RU,1604373867
403,Roald,62.58,6.13,44.6,81,100,17.22,NO,1604374028
404,Kirksville,40.19,-92.58,48.99,49,1,5.82,US,1604374030
405,Kirakira,-10.45,161.92,77.83,87,100,11.14,SB,1604374031
406,Riyadh,24.69,46.72,59.0,47,0,3.78,SA,1604374016
407,Yaransk,57.3,47.89,30.6,94,0,7.83,RU,1604374033
408,Kathu,7.92,98.33,84.99,70,20,5.82,TH,1604374034
409,Colquechaca,-18.67,-66.02,32.94,97,65,6.76,BO,1604374035
410,Novi Šeher,44.51,18.03,51.8,100,0,2.24,BA,1604374036
411,Kamyshlov,56.84,62.71,26.71,95,0,4.34,RU,1604374037
412,Barbate,36.19,-5.92,60.8,82,20,5.82,ES,1604374038
413,Souillac,-20.52,57.52,73.4,69,40,12.75,MU,1604374039
414,Santa Cruz de la Sierra,-17.8,-63.17,69.8,60,20,5.82,BO,1604374040
415,Cedar City,37.68,-113.06,55.4,54,1,4.7,US,1604374041
416,Khovd,48.01,91.64,34.52,68,15,1.59,MN,1604374042
417,Biltine,14.53,20.92,81.09,23,80,22.01,TD,1604373965
418,Khilok,51.37,110.47,24.53,81,98,2.68,RU,1604374045
419,Ouallam,14.32,2.09,79.79,17,57,10.07,NE,1604374046
420,High Prairie,55.43,-116.49,48.2,57,100,4.7,CA,1604374047
421,Otjiwarongo,-20.46,16.65,68.09,23,25,3.11,NA,1604374048
422,Leningradskiy,69.38,178.42,14.38,89,100,21.45,RU,1604374049
423,Zhangaözen,43.3,52.8,54.28,59,100,9.46,KZ,1604374050
424,North Platte,41.12,-100.77,39.2,64,1,7.43,US,1604374051
425,Quang Ngai,15.12,108.8,79.59,77,86,11.77,VN,1604374052
426,Sur,22.57,59.53,72.52,43,0,2.53,OM,1604374053
427,Palu,-0.89,119.87,86.07,64,98,3.04,ID,1604374054
428,Parry Sound,45.35,-80.03,44.6,65,100,19.53,CA,1604373875
429,Tilichiki,60.47,166.1,32.7,100,100,4.81,RU,1604374056
430,Port Shepstone,-30.74,30.45,64.4,87,21,5.23,ZA,1604374057
431,Mosal'sk,54.49,34.98,42.12,97,91,4.76,RU,1604374058
432,Mindelo,16.89,-24.98,77.0,78,40,18.34,CV,1604374059
433,Mezen',65.85,44.24,37.87,83,100,15.86,RU,1604374061
434,Saint-François,46.42,3.91,52.0,93,90,1.12,FR,1604374062
435,Surin,14.88,103.49,84.99,64,34,13.58,TH,1604374063
436,Maningrida,-12.07,134.27,91.62,46,100,11.45,AU,1604374064
437,Ushtobe,45.25,77.98,45.73,54,0,3.24,KZ,1604374065
438,Solnechnyy,50.72,136.63,31.77,89,100,5.57,RU,1604374066
439,Manoel Urbano,-8.84,-69.26,74.89,68,100,2.17,BR,1604374067
440,Shingū,33.73,135.98,64.4,48,20,14.99,JP,1604374068
441,Olafsvik,64.89,-23.71,38.77,80,97,16.28,IS,1604373859
442,Njombe,-9.33,34.77,52.16,96,27,4.18,TZ,1604374070
443,Butterworth,5.4,100.36,82.4,78,20,3.36,MY,1604374071
444,Wanning,18.8,110.4,77.43,73,56,15.93,CN,1604374072
445,Samarai,-10.62,150.67,83.88,74,100,8.48,PG,1604374073
446,Mayo,38.89,-76.51,43.0,41,1,3.36,US,1604373818
447,Caldwell,43.66,-116.69,46.4,52,1,2.68,US,1604374075
448,Champerico,14.3,-91.92,66.99,95,99,3.85,GT,1604374076
449,Zhezkazgan,47.8,67.71,33.33,80,0,1.54,KZ,1604374078
450,Shaunavon,49.65,-108.42,44.6,48,2,13.87,CA,1604374079
451,Cervo,43.67,-7.41,45.0,97,57,12.26,ES,1604374080
452,Bowen,-20.02,148.23,86.0,51,40,18.34,AU,1604374081
453,Necochea,-38.55,-58.74,55.99,73,0,8.01,AR,1604374082
454,Marsá Maţrūḩ,31.35,27.25,68.99,60,72,9.04,EG,1604374083
455,Adiaké,5.29,-3.3,75.2,100,40,3.36,CI,1604374084
456,Lehigh Acres,26.63,-81.62,64.4,72,20,9.17,US,1604374085
457,Nishihara,26.18,127.76,77.0,61,75,20.8,JP,1604374041
458,Hofn,64.25,-15.21,43.09,62,99,8.9,IS,1604374054
459,Pechora,65.15,57.22,28.13,94,68,12.73,RU,1604374088
460,Korem,12.51,39.52,47.01,80,0,2.1,ET,1604374089
461,Kuršumlija,43.15,21.27,55.4,93,75,2.24,RS,1604374090
462,Arāria,26.15,87.52,77.23,54,8,5.03,IN,1604374089
463,Skjervøy,70.03,20.97,46.0,80,100,17.47,NO,1604374093
464,Vetlanda,57.43,15.08,48.99,100,52,11.41,SE,1604374094
465,Kimbe,-5.55,150.14,84.94,77,100,3.51,PG,1604374095
466,Kovdor,67.57,30.48,41.16,94,100,9.91,RU,1604374096
467,Galveston,29.37,-94.97,64.99,55,1,8.05,US,1604374097
468,San Antonio,29.42,-98.49,60.01,53,1,5.68,US,1604374019
469,Asău,46.43,26.4,46.99,94,100,3.98,RO,1604374099
470,Qidong,31.81,121.66,63.0,50,0,20.45,CN,1604373866
471,Santa Ana,33.75,-117.87,66.2,82,40,4.7,US,1604374101
472,Port Hedland,-20.32,118.57,93.2,30,0,8.05,AU,1604374102
473,Dawei,14.08,98.2,86.02,60,0,8.12,MM,1604374103
474,Jumla,29.27,82.18,56.8,37,0,4.99,NP,1604374104
475,Omsukchan,62.53,155.8,12.07,93,100,4.97,RU,1604374105
476,Amapá,1.0,-52.0,72.77,97,62,3.42,BR,1604374106
477,Odienné,9.51,-7.57,73.22,68,0,3.4,CI,1604374107
478,Patacamaya,-17.23,-67.92,43.81,74,13,8.75,BO,1604374109
479,Edremit,39.6,27.02,41.0,86,0,4.7,TR,1604374110
480,Luwuk,-0.95,122.79,85.05,56,100,4.23,ID,1604374111
481,Conde,-7.26,-34.91,77.0,88,40,4.7,BR,1604374112
482,Mersin Province,36.86,34.65,64.4,72,40,5.82,TR,1604374113
483,Buraidah,26.33,43.98,57.2,50,0,4.7,SA,1604374024
484,Beira,-19.84,34.84,69.8,94,40,3.36,MZ,1604373818
485,Carauari,-4.88,-66.9,74.34,94,49,1.45,BR,1604374116
486,Dārāb,28.75,54.54,53.47,38,0,1.68,IR,1604374117
487,Beloha,-25.17,45.05,68.67,76,0,12.55,MG,1604374118
488,Fuxin,42.02,121.66,34.86,59,0,15.23,CN,1604374119
489,Osmanabad,18.17,76.05,73.76,50,0,13.15,IN,1604374120
490,Alekseyevsk,57.84,108.35,26.13,96,100,10.8,RU,1604374121
491,Luleå,65.58,22.15,41.0,93,0,5.82,SE,1604374123
492,Phalaborwa,-23.94,31.14,66.2,88,1,4.7,ZA,1604374124
493,Richards Bay,-28.78,32.04,67.98,91,1,10.25,ZA,1604374125
494,Vestmannaeyjar,63.44,-20.27,42.64,75,100,30.87,IS,1604374126
495,Kaka,37.35,59.61,60.31,28,100,6.44,TM,1604374127
496,Berdigestyakh,62.1,126.7,4.06,88,0,3.8,RU,1604374128
497,Puerto Carreño,6.19,-67.49,78.15,87,58,5.75,CO,1604374129
498,Yazman,29.12,71.74,75.81,17,0,5.73,PK,1604374130
499,Klaksvík,62.23,-6.59,42.8,81,3,21.92,FO,1604374025
500,Luchenza,-16.01,35.31,68.18,83,31,2.35,MW,1604374132
501,Vostok,46.49,135.88,21.88,94,100,10.18,RU,1604373900
502,Liku,-0.73,119.89,85.95,64,97,3.13,ID,1604374134
503,Det Udom,14.91,105.08,84.2,62,0,13.87,TH,1604374135
504,Srandakan,-7.94,110.25,85.01,66,9,7.16,ID,1604374136
505,Mwene-Ditu,-7.0,23.45,66.78,97,95,2.89,CD,1604374137
506,Idrinskoye,54.37,92.14,29.12,97,91,1.57,RU,1604374139
507,Ketchikan,55.34,-131.65,48.2,93,90,11.41,US,1604374140
508,Ambilobe,-13.2,49.05,70.18,69,0,4.81,MG,1604374141
509,Nālūt,30.33,10.85,56.19,76,49,9.73,LY,1604374142
510,Kemijärvi,66.71,27.43,43.95,88,98,8.81,FI,1604374143
511,Artyom,40.47,50.33,55.4,93,90,2.24,AZ,1604374144
512,Atar,20.52,-13.05,77.88,20,98,12.21,MR,1604374145
513,Marawi,8.0,124.29,84.99,71,100,8.01,PH,1604374146
514,Cap Malheureux,-19.98,57.61,70.0,75,54,7.0,MU,1604374147
515,Coquimbo,-29.95,-71.34,53.6,87,6,4.7,CL,1604374066
516,Namanga,-2.54,36.79,65.21,82,86,7.2,KE,1604374149
517,Tiznit Province,29.58,-9.5,64.38,30,0,1.66,MA,1604374150
518,Rio Grande,-32.03,-52.1,61.0,91,13,9.06,BR,1604373903
519,Strathroy,42.96,-81.62,39.0,58,64,3.0,CA,1604374153
520,Dzhebariki-Khaya,62.22,135.8,-5.3,84,0,4.25,RU,1604374154
521,Dourbali,11.81,15.86,81.54,24,63,13.2,TD,1604374155
522,Corinth,37.94,22.96,57.0,93,20,5.26,GR,1604374156
523,Nome,64.5,-165.41,21.99,79,90,4.7,US,1604374157
524,San Juan,-31.54,-68.54,75.51,23,0,15.99,AR,1604374158
525,Terråk,65.09,12.37,44.6,87,100,10.29,NO,1604374159
526,Walla Walla,46.06,-118.34,41.0,80,1,3.36,US,1604374160
527,Alice Springs,-23.7,133.88,98.6,7,0,9.17,AU,1604374082
528,Kosonsoy,41.26,71.55,44.6,39,0,4.7,UZ,1604374162
529,Zhanakorgan,43.91,67.25,45.72,50,0,4.99,KZ,1604374163
530,Casselman,45.32,-75.08,32.0,97,100,9.17,CA,1604374164
531,Lerik,38.77,48.41,64.4,88,75,5.82,AZ,1604374165
532,Cuxhaven,53.87,8.69,51.01,87,23,12.75,DE,1604374166
533,Oberhaching,48.03,11.6,59.0,85,100,6.35,DE,1604374168
534,Ambon City,-3.7,128.18,80.06,79,100,5.06,ID,1604374020
535,Yavaros,26.7,-109.52,70.0,47,0,3.0,MX,1604374170
536,Esso,55.93,158.7,31.08,95,100,8.81,RU,1604374171
537,Niquero,20.04,-77.58,78.55,82,100,15.88,CU,1604374172
538,Sanford,28.8,-81.27,62.01,72,20,10.29,US,1604373906
539,Watsa,3.04,29.54,63.0,99,77,1.86,CD,1604374174
540,Sondrio,46.17,9.87,52.0,85,0,1.01,IT,1604374175
541,Srednekolymsk,67.45,153.68,-5.1,87,0,5.41,RU,1604374176
542,Limoncito,-18.02,-63.4,69.8,60,20,5.82,BO,1604374177
543,Estevan,49.13,-102.98,48.0,61,1,12.75,CA,1604374178
544,Emba,48.83,58.14,42.33,61,41,8.75,KZ,1604374021
545,Forsytheganj,52.63,29.73,37.8,95,0,0.83,BY,1604374181
546,Flinders,-34.58,150.86,73.99,60,0,4.0,AU,1604373980
547,Ballina,-28.87,153.57,75.2,60,40,20.8,AU,1604374183
548,Tapes,-30.67,-51.4,60.44,79,3,6.71,BR,1604374184
549,Kendari,-3.94,122.5,81.05,79,100,1.39,ID,1604374185
550,Kloulklubed,7.04,134.26,87.8,66,75,10.29,PW,1604374186
